﻿{"data":[{"GPOChanges":{"LocalAdmins":[],"RemoteDesktopUsers":[],"DcomUsers":[],"PSRemoteUsers":[],"AffectedComputers":[]},"Properties":{"domain":"HTB.LOCAL","name":"HELPDESK@HTB.LOCAL","distinguishedname":"OU=HELPDESK,OU=INFORMATION TECHNOLOGY,OU=EMPLOYEES,DC=HTB,DC=LOCAL","domainsid":"S-1-5-21-3072663084-364016917-1341370565","highvalue":false,"description":null,"whencreated":1568915112,"blocksinheritance":false},"Links":[],"ChildObjects":[{"ObjectIdentifier":"S-1-5-21-3072663084-364016917-1341370565-1150","ObjectType":"User"}],"Aces":[{"PrincipalSID":"S-1-5-21-3072663084-364016917-1341370565-512","PrincipalType":"Group","RightName":"Owns","IsInherited":false},{"PrincipalSID":"S-1-5-21-3072663084-364016917-1341370565-512","PrincipalType":"Group","RightName":"GenericAll","IsInherited":false},{"PrincipalSID":"S-1-5-21-3072663084-364016917-1341370565-519","PrincipalType":"Group","RightName":"GenericAll","IsInherited":true},{"PrincipalSID":"HTB.LOCAL-S-1-5-32-544","PrincipalType":"Group","RightName":"WriteDacl","IsInherited":true},{"PrincipalSID":"HTB.LOCAL-S-1-5-32-544","PrincipalType":"Group","RightName":"WriteOwner","IsInherited":true}],"ObjectIdentifier":"A7CE94A3-B3C5-4198-B5D6-B8A2275E49F7","IsDeleted":false,"IsACLProtected":false},{"GPOChanges":{"LocalAdmins":[],"RemoteDesktopUsers":[],"DcomUsers":[],"PSRemoteUsers":[],"AffectedComputers":[]},"Properties":{"domain":"HTB.LOCAL","name":"EMPLOYEES@HTB.LOCAL","distinguishedname":"OU=EMPLOYEES,DC=HTB,DC=LOCAL","domainsid":"S-1-5-21-3072663084-364016917-1341370565","highvalue":false,"description":null,"whencreated":1569163116,"blocksinheritance":false},"Links":[],"ChildObjects":[{"ObjectIdentifier":"DFBAFD44-447F-4BA0-9BAD-CFAE492E6413","ObjectType":"OU"},{"ObjectIdentifier":"B4F6F807-E0F8-4C8C-A19C-3EB86C2FDDA7","ObjectType":"OU"},{"ObjectIdentifier":"07DF9C29-A241-4235-8C29-C193D24FC904","ObjectType":"OU"},{"ObjectIdentifier":"3949ABD7-0657-4AF5-9ABA-EB7A3D0C0DE7","ObjectType":"OU"}],"Aces":[{"PrincipalSID":"S-1-5-21-3072663084-364016917-1341370565-512","PrincipalType":"Group","RightName":"Owns","IsInherited":false},{"PrincipalSID":"S-1-5-21-3072663084-364016917-1341370565-512","PrincipalType":"Group","RightName":"GenericAll","IsInherited":false},{"PrincipalSID":"S-1-5-21-3072663084-364016917-1341370565-519","PrincipalType":"Group","RightName":"GenericAll","IsInherited":true},{"PrincipalSID":"HTB.LOCAL-S-1-5-32-544","PrincipalType":"Group","RightName":"WriteDacl","IsInherited":true},{"PrincipalSID":"HTB.LOCAL-S-1-5-32-544","PrincipalType":"Group","RightName":"WriteOwner","IsInherited":true}],"ObjectIdentifier":"E3AC1B11-3EF0-40A6-AE6B-6D5D7EBB07C4","IsDeleted":false,"IsACLProtected":false},{"GPOChanges":{"LocalAdmins":[],"RemoteDesktopUsers":[],"DcomUsers":[],"PSRemoteUsers":[],"AffectedComputers":[]},"Properties":{"domain":"HTB.LOCAL","name":"MARKETING@HTB.LOCAL","distinguishedname":"OU=MARKETING,OU=EMPLOYEES,DC=HTB,DC=LOCAL","domainsid":"S-1-5-21-3072663084-364016917-1341370565","highvalue":false,"description":null,"whencreated":1568914850,"blocksinheritance":false},"Links":[],"ChildObjects":[],"Aces":[{"PrincipalSID":"S-1-5-21-3072663084-364016917-1341370565-512","PrincipalType":"Group","RightName":"Owns","IsInherited":false},{"PrincipalSID":"S-1-5-21-3072663084-364016917-1341370565-512","PrincipalType":"Group","RightName":"GenericAll","IsInherited":false},{"PrincipalSID":"S-1-5-21-3072663084-364016917-1341370565-519","PrincipalType":"Group","RightName":"GenericAll","IsInherited":true},{"PrincipalSID":"HTB.LOCAL-S-1-5-32-544","PrincipalType":"Group","RightName":"WriteDacl","IsInherited":true},{"PrincipalSID":"HTB.LOCAL-S-1-5-32-544","PrincipalType":"Group","RightName":"WriteOwner","IsInherited":true}],"ObjectIdentifier":"B4F6F807-E0F8-4C8C-A19C-3EB86C2FDDA7","IsDeleted":false,"IsACLProtected":false},{"GPOChanges":{"LocalAdmins":[],"RemoteDesktopUsers":[],"DcomUsers":[],"PSRemoteUsers":[],"AffectedComputers":[]},"Properties":{"domain":"HTB.LOCAL","name":"RECEPTION@HTB.LOCAL","distinguishedname":"OU=RECEPTION,OU=EMPLOYEES,DC=HTB,DC=LOCAL","domainsid":"S-1-5-21-3072663084-364016917-1341370565","highvalue":false,"description":null,"whencreated":1568914919,"blocksinheritance":false},"Links":[],"ChildObjects":[],"Aces":[{"PrincipalSID":"S-1-5-21-3072663084-364016917-1341370565-512","PrincipalType":"Group","RightName":"Owns","IsInherited":false},{"PrincipalSID":"S-1-5-21-3072663084-364016917-1341370565-512","PrincipalType":"Group","RightName":"GenericAll","IsInherited":false},{"PrincipalSID":"S-1-5-21-3072663084-364016917-1341370565-519","PrincipalType":"Group","RightName":"GenericAll","IsInherited":true},{"PrincipalSID":"HTB.LOCAL-S-1-5-32-544","PrincipalType":"Group","RightName":"WriteDacl","IsInherited":true},{"PrincipalSID":"HTB.LOCAL-S-1-5-32-544","PrincipalType":"Group","RightName":"WriteOwner","IsInherited":true}],"ObjectIdentifier":"07DF9C29-A241-4235-8C29-C193D24FC904","IsDeleted":false,"IsACLProtected":false},{"GPOChanges":{"LocalAdmins":[],"RemoteDesktopUsers":[],"DcomUsers":[],"PSRemoteUsers":[],"AffectedComputers":[]},"Properties":{"domain":"HTB.LOCAL","name":"IT MANAGEMENT@HTB.LOCAL","distinguishedname":"OU=IT MANAGEMENT,OU=INFORMATION TECHNOLOGY,OU=EMPLOYEES,DC=HTB,DC=LOCAL","domainsid":"S-1-5-21-3072663084-364016917-1341370565","highvalue":false,"description":null,"whencreated":1568915086,"blocksinheritance":false},"Links":[],"ChildObjects":[{"ObjectIdentifier":"S-1-5-21-3072663084-364016917-1341370565-1146","ObjectType":"User"}],"Aces":[{"PrincipalSID":"S-1-5-21-3072663084-364016917-1341370565-512","PrincipalType":"Group","RightName":"Owns","IsInherited":false},{"PrincipalSID":"S-1-5-21-3072663084-364016917-1341370565-512","PrincipalType":"Group","RightName":"GenericAll","IsInherited":false},{"PrincipalSID":"S-1-5-21-3072663084-364016917-1341370565-519","PrincipalType":"Group","RightName":"GenericAll","IsInherited":true},{"PrincipalSID":"HTB.LOCAL-S-1-5-32-544","PrincipalType":"Group","RightName":"WriteDacl","IsInherited":true},{"PrincipalSID":"HTB.LOCAL-S-1-5-32-544","PrincipalType":"Group","RightName":"WriteOwner","IsInherited":true}],"ObjectIdentifier":"32386455-6007-4DB1-9FA7-D368649B50FA","IsDeleted":false,"IsACLProtected":false},{"GPOChanges":{"LocalAdmins":[],"RemoteDesktopUsers":[],"DcomUsers":[],"PSRemoteUsers":[],"AffectedComputers":[]},"Properties":{"domain":"HTB.LOCAL","name":"SALES@HTB.LOCAL","distinguishedname":"OU=SALES,OU=EMPLOYEES,DC=HTB,DC=LOCAL","domainsid":"S-1-5-21-3072663084-364016917-1341370565","highvalue":false,"description":null,"whencreated":1568914839,"blocksinheritance":false},"Links":[],"ChildObjects":[],"Aces":[{"PrincipalSID":"S-1-5-21-3072663084-364016917-1341370565-512","PrincipalType":"Group","RightName":"Owns","IsInherited":false},{"PrincipalSID":"S-1-5-21-3072663084-364016917-1341370565-512","PrincipalType":"Group","RightName":"GenericAll","IsInherited":false},{"PrincipalSID":"S-1-5-21-3072663084-364016917-1341370565-519","PrincipalType":"Group","RightName":"GenericAll","IsInherited":true},{"PrincipalSID":"HTB.LOCAL-S-1-5-32-544","PrincipalType":"Group","RightName":"WriteDacl","IsInherited":true},{"PrincipalSID":"HTB.LOCAL-S-1-5-32-544","PrincipalType":"Group","RightName":"WriteOwner","IsInherited":true}],"ObjectIdentifier":"3949ABD7-0657-4AF5-9ABA-EB7A3D0C0DE7","IsDeleted":false,"IsACLProtected":false},{"GPOChanges":{"LocalAdmins":[],"RemoteDesktopUsers":[],"DcomUsers":[],"PSRemoteUsers":[],"AffectedComputers":[]},"Properties":{"domain":"HTB.LOCAL","name":"EXCHANGE ADMINISTRATORS@HTB.LOCAL","distinguishedname":"OU=EXCHANGE ADMINISTRATORS,OU=INFORMATION TECHNOLOGY,OU=EMPLOYEES,DC=HTB,DC=LOCAL","domainsid":"S-1-5-21-3072663084-364016917-1341370565","highvalue":false,"description":null,"whencreated":1568913710,"blocksinheritance":false},"Links":[],"ChildObjects":[{"ObjectIdentifier":"S-1-5-21-3072663084-364016917-1341370565-1145","ObjectType":"User"}],"Aces":[{"PrincipalSID":"S-1-5-21-3072663084-364016917-1341370565-512","PrincipalType":"Group","RightName":"Owns","IsInherited":false},{"PrincipalSID":"S-1-5-21-3072663084-364016917-1341370565-512","PrincipalType":"Group","RightName":"GenericAll","IsInherited":false},{"PrincipalSID":"S-1-5-21-3072663084-364016917-1341370565-519","PrincipalType":"Group","RightName":"GenericAll","IsInherited":true},{"PrincipalSID":"HTB.LOCAL-S-1-5-32-544","PrincipalType":"Group","RightName":"WriteDacl","IsInherited":true},{"PrincipalSID":"HTB.LOCAL-S-1-5-32-544","PrincipalType":"Group","RightName":"WriteOwner","IsInherited":true}],"ObjectIdentifier":"3902C8E3-5CCC-49FD-804E-DCE0813C50D6","IsDeleted":false,"IsACLProtected":false},{"GPOChanges":{"LocalAdmins":[],"RemoteDesktopUsers":[],"DcomUsers":[],"PSRemoteUsers":[],"AffectedComputers":[]},"Properties":{"domain":"HTB.LOCAL","name":"APPLICATION SUPPORT@HTB.LOCAL","distinguishedname":"OU=APPLICATION SUPPORT,OU=INFORMATION TECHNOLOGY,OU=EMPLOYEES,DC=HTB,DC=LOCAL","domainsid":"S-1-5-21-3072663084-364016917-1341370565","highvalue":false,"description":null,"whencreated":1568913748,"blocksinheritance":false},"Links":[],"ChildObjects":[],"Aces":[{"PrincipalSID":"S-1-5-21-3072663084-364016917-1341370565-512","PrincipalType":"Group","RightName":"Owns","IsInherited":false},{"PrincipalSID":"S-1-5-21-3072663084-364016917-1341370565-512","PrincipalType":"Group","RightName":"GenericAll","IsInherited":false},{"PrincipalSID":"S-1-5-21-3072663084-364016917-1341370565-519","PrincipalType":"Group","RightName":"GenericAll","IsInherited":true},{"PrincipalSID":"HTB.LOCAL-S-1-5-32-544","PrincipalType":"Group","RightName":"WriteDacl","IsInherited":true},{"PrincipalSID":"HTB.LOCAL-S-1-5-32-544","PrincipalType":"Group","RightName":"WriteOwner","IsInherited":true}],"ObjectIdentifier":"46E53884-3294-4016-BF9D-BB102513FCA4","IsDeleted":false,"IsACLProtected":false},{"GPOChanges":{"LocalAdmins":[],"RemoteDesktopUsers":[],"DcomUsers":[],"PSRemoteUsers":[],"AffectedComputers":[]},"Properties":{"domain":"HTB.LOCAL","name":"SECURITY GROUPS@HTB.LOCAL","distinguishedname":"OU=SECURITY GROUPS,DC=HTB,DC=LOCAL","domainsid":"S-1-5-21-3072663084-364016917-1341370565","highvalue":false,"description":null,"whencreated":1568916175,"blocksinheritance":false},"Links":[],"ChildObjects":[{"ObjectIdentifier":"S-1-5-21-3072663084-364016917-1341370565-1149","ObjectType":"Group"},{"ObjectIdentifier":"S-1-5-21-3072663084-364016917-1341370565-1148","ObjectType":"Group"},{"ObjectIdentifier":"S-1-5-21-3072663084-364016917-1341370565-5101","ObjectType":"Group"}],"Aces":[{"PrincipalSID":"S-1-5-21-3072663084-364016917-1341370565-512","PrincipalType":"Group","RightName":"Owns","IsInherited":false},{"PrincipalSID":"S-1-5-21-3072663084-364016917-1341370565-512","PrincipalType":"Group","RightName":"GenericAll","IsInherited":false},{"PrincipalSID":"S-1-5-21-3072663084-364016917-1341370565-519","PrincipalType":"Group","RightName":"GenericAll","IsInherited":true},{"PrincipalSID":"HTB.LOCAL-S-1-5-32-544","PrincipalType":"Group","RightName":"WriteDacl","IsInherited":true},{"PrincipalSID":"HTB.LOCAL-S-1-5-32-544","PrincipalType":"Group","RightName":"WriteOwner","IsInherited":true}],"ObjectIdentifier":"AEA93C3D-457B-4B20-B75B-10EF006F0267","IsDeleted":false,"IsACLProtected":false},{"GPOChanges":{"LocalAdmins":[],"RemoteDesktopUsers":[],"DcomUsers":[],"PSRemoteUsers":[],"AffectedComputers":[]},"Properties":{"domain":"HTB.LOCAL","name":"INFORMATION TECHNOLOGY@HTB.LOCAL","distinguishedname":"OU=INFORMATION TECHNOLOGY,OU=EMPLOYEES,DC=HTB,DC=LOCAL","domainsid":"S-1-5-21-3072663084-364016917-1341370565","highvalue":false,"description":null,"whencreated":1568913686,"blocksinheritance":false},"Links":[],"ChildObjects":[{"ObjectIdentifier":"46E53884-3294-4016-BF9D-BB102513FCA4","ObjectType":"OU"},{"ObjectIdentifier":"98D97B19-ADD5-499A-8FA3-BAEE971306B0","ObjectType":"OU"},{"ObjectIdentifier":"3902C8E3-5CCC-49FD-804E-DCE0813C50D6","ObjectType":"OU"},{"ObjectIdentifier":"A7CE94A3-B3C5-4198-B5D6-B8A2275E49F7","ObjectType":"OU"},{"ObjectIdentifier":"32386455-6007-4DB1-9FA7-D368649B50FA","ObjectType":"OU"},{"ObjectIdentifier":"8414356C-1F79-44BF-9861-CD84412A69EB","ObjectType":"OU"}],"Aces":[{"PrincipalSID":"S-1-5-21-3072663084-364016917-1341370565-512","PrincipalType":"Group","RightName":"Owns","IsInherited":false},{"PrincipalSID":"S-1-5-21-3072663084-364016917-1341370565-512","PrincipalType":"Group","RightName":"GenericAll","IsInherited":false},{"PrincipalSID":"S-1-5-21-3072663084-364016917-1341370565-519","PrincipalType":"Group","RightName":"GenericAll","IsInherited":true},{"PrincipalSID":"HTB.LOCAL-S-1-5-32-544","PrincipalType":"Group","RightName":"WriteDacl","IsInherited":true},{"PrincipalSID":"HTB.LOCAL-S-1-5-32-544","PrincipalType":"Group","RightName":"WriteOwner","IsInherited":true}],"ObjectIdentifier":"DFBAFD44-447F-4BA0-9BAD-CFAE492E6413","IsDeleted":false,"IsACLProtected":false},{"GPOChanges":{"LocalAdmins":[],"RemoteDesktopUsers":[],"DcomUsers":[],"PSRemoteUsers":[],"AffectedComputers":[]},"Properties":{"domain":"HTB.LOCAL","name":"MICROSOFT EXCHANGE SECURITY GROUPS@HTB.LOCAL","distinguishedname":"OU=MICROSOFT EXCHANGE SECURITY GROUPS,DC=HTB,DC=LOCAL","domainsid":"S-1-5-21-3072663084-364016917-1341370565","highvalue":false,"description":null,"whencreated":1568866273,"blocksinheritance":false},"Links":[],"ChildObjects":[{"ObjectIdentifier":"S-1-5-21-3072663084-364016917-1341370565-1115","ObjectType":"Group"},{"ObjectIdentifier":"S-1-5-21-3072663084-364016917-1341370565-1113","ObjectType":"Group"},{"ObjectIdentifier":"S-1-5-21-3072663084-364016917-1341370565-1111","ObjectType":"Group"},{"ObjectIdentifier":"S-1-5-21-3072663084-364016917-1341370565-1118","ObjectType":"Group"},{"ObjectIdentifier":"S-1-5-21-3072663084-364016917-1341370565-1119","ObjectType":"Group"},{"ObjectIdentifier":"S-1-5-21-3072663084-364016917-1341370565-1121","ObjectType":"Group"},{"ObjectIdentifier":"S-1-5-21-3072663084-364016917-1341370565-1122","ObjectType":"Group"},{"ObjectIdentifier":"S-1-5-21-3072663084-364016917-1341370565-1109","ObjectType":"Group"},{"ObjectIdentifier":"S-1-5-21-3072663084-364016917-1341370565-1114","ObjectType":"Group"},{"ObjectIdentifier":"S-1-5-21-3072663084-364016917-1341370565-1120","ObjectType":"Group"},{"ObjectIdentifier":"S-1-5-21-3072663084-364016917-1341370565-1104","ObjectType":"Group"},{"ObjectIdentifier":"S-1-5-21-3072663084-364016917-1341370565-1107","ObjectType":"Group"},{"ObjectIdentifier":"S-1-5-21-3072663084-364016917-1341370565-1105","ObjectType":"Group"},{"ObjectIdentifier":"S-1-5-21-3072663084-364016917-1341370565-1110","ObjectType":"Group"},{"ObjectIdentifier":"S-1-5-21-3072663084-364016917-1341370565-1117","ObjectType":"Group"},{"ObjectIdentifier":"S-1-5-21-3072663084-364016917-1341370565-1116","ObjectType":"Group"},{"ObjectIdentifier":"S-1-5-21-3072663084-364016917-1341370565-1112","ObjectType":"Group"},{"ObjectIdentifier":"S-1-5-21-3072663084-364016917-1341370565-1108","ObjectType":"Group"},{"ObjectIdentifier":"S-1-5-21-3072663084-364016917-1341370565-1106","ObjectType":"Group"}],"Aces":[{"PrincipalSID":"S-1-5-21-3072663084-364016917-1341370565-512","PrincipalType":"Group","RightName":"Owns","IsInherited":false},{"PrincipalSID":"S-1-5-21-3072663084-364016917-1341370565-512","PrincipalType":"Group","RightName":"GenericAll","IsInherited":false},{"PrincipalSID":"S-1-5-21-3072663084-364016917-1341370565-1104","PrincipalType":"Group","RightName":"GenericAll","IsInherited":false},{"PrincipalSID":"S-1-5-21-3072663084-364016917-1341370565-519","PrincipalType":"Group","RightName":"GenericAll","IsInherited":true},{"PrincipalSID":"HTB.LOCAL-S-1-5-32-544","PrincipalType":"Group","RightName":"WriteDacl","IsInherited":true},{"PrincipalSID":"HTB.LOCAL-S-1-5-32-544","PrincipalType":"Group","RightName":"WriteOwner","IsInherited":true}],"ObjectIdentifier":"2541B1D2-3979-4F9D-8974-375D74C7A170","IsDeleted":false,"IsACLProtected":false},{"GPOChanges":{"LocalAdmins":[],"RemoteDesktopUsers":[],"DcomUsers":[],"PSRemoteUsers":[],"AffectedComputers":[]},"Properties":{"domain":"HTB.LOCAL","name":"DEVELOPERS@HTB.LOCAL","distinguishedname":"OU=DEVELOPERS,OU=INFORMATION TECHNOLOGY,OU=EMPLOYEES,DC=HTB,DC=LOCAL","domainsid":"S-1-5-21-3072663084-364016917-1341370565","highvalue":false,"description":null,"whencreated":1568913731,"blocksinheritance":false},"Links":[],"ChildObjects":[{"ObjectIdentifier":"S-1-5-21-3072663084-364016917-1341370565-1152","ObjectType":"User"}],"Aces":[{"PrincipalSID":"S-1-5-21-3072663084-364016917-1341370565-512","PrincipalType":"Group","RightName":"Owns","IsInherited":false},{"PrincipalSID":"S-1-5-21-3072663084-364016917-1341370565-512","PrincipalType":"Group","RightName":"GenericAll","IsInherited":false},{"PrincipalSID":"S-1-5-21-3072663084-364016917-1341370565-519","PrincipalType":"Group","RightName":"GenericAll","IsInherited":true},{"PrincipalSID":"HTB.LOCAL-S-1-5-32-544","PrincipalType":"Group","RightName":"WriteDacl","IsInherited":true},{"PrincipalSID":"HTB.LOCAL-S-1-5-32-544","PrincipalType":"Group","RightName":"WriteOwner","IsInherited":true}],"ObjectIdentifier":"98D97B19-ADD5-499A-8FA3-BAEE971306B0","IsDeleted":false,"IsACLProtected":false},{"GPOChanges":{"LocalAdmins":[],"RemoteDesktopUsers":[],"DcomUsers":[],"PSRemoteUsers":[],"AffectedComputers":[]},"Properties":{"domain":"HTB.LOCAL","name":"SYSADMINS@HTB.LOCAL","distinguishedname":"OU=SYSADMINS,OU=INFORMATION TECHNOLOGY,OU=EMPLOYEES,DC=HTB,DC=LOCAL","domainsid":"S-1-5-21-3072663084-364016917-1341370565","highvalue":false,"description":null,"whencreated":1568915138,"blocksinheritance":false},"Links":[],"ChildObjects":[{"ObjectIdentifier":"S-1-5-21-3072663084-364016917-1341370565-1151","ObjectType":"User"}],"Aces":[{"PrincipalSID":"S-1-5-21-3072663084-364016917-1341370565-512","PrincipalType":"Group","RightName":"Owns","IsInherited":false},{"PrincipalSID":"S-1-5-21-3072663084-364016917-1341370565-512","PrincipalType":"Group","RightName":"GenericAll","IsInherited":false},{"PrincipalSID":"S-1-5-21-3072663084-364016917-1341370565-519","PrincipalType":"Group","RightName":"GenericAll","IsInherited":true},{"PrincipalSID":"HTB.LOCAL-S-1-5-32-544","PrincipalType":"Group","RightName":"WriteDacl","IsInherited":true},{"PrincipalSID":"HTB.LOCAL-S-1-5-32-544","PrincipalType":"Group","RightName":"WriteOwner","IsInherited":true}],"ObjectIdentifier":"8414356C-1F79-44BF-9861-CD84412A69EB","IsDeleted":false,"IsACLProtected":false},{"GPOChanges":{"LocalAdmins":[],"RemoteDesktopUsers":[],"DcomUsers":[],"PSRemoteUsers":[],"AffectedComputers":[]},"Properties":{"domain":"HTB.LOCAL","name":"SERVICE ACCOUNTS@HTB.LOCAL","distinguishedname":"OU=SERVICE ACCOUNTS,DC=HTB,DC=LOCAL","domainsid":"S-1-5-21-3072663084-364016917-1341370565","highvalue":false,"description":null,"whencreated":1568915188,"blocksinheritance":false},"Links":[],"ChildObjects":[{"ObjectIdentifier":"S-1-5-21-3072663084-364016917-1341370565-1147","ObjectType":"User"}],"Aces":[{"PrincipalSID":"S-1-5-21-3072663084-364016917-1341370565-512","PrincipalType":"Group","RightName":"Owns","IsInherited":false},{"PrincipalSID":"S-1-5-21-3072663084-364016917-1341370565-512","PrincipalType":"Group","RightName":"GenericAll","IsInherited":false},{"PrincipalSID":"S-1-5-21-3072663084-364016917-1341370565-519","PrincipalType":"Group","RightName":"GenericAll","IsInherited":true},{"PrincipalSID":"HTB.LOCAL-S-1-5-32-544","PrincipalType":"Group","RightName":"WriteDacl","IsInherited":true},{"PrincipalSID":"HTB.LOCAL-S-1-5-32-544","PrincipalType":"Group","RightName":"WriteOwner","IsInherited":true}],"ObjectIdentifier":"1202934E-089B-4931-A5BA-954AD48AD491","IsDeleted":false,"IsACLProtected":false},{"GPOChanges":{"LocalAdmins":[],"RemoteDesktopUsers":[],"DcomUsers":[],"PSRemoteUsers":[],"AffectedComputers":[{"ObjectIdentifier":"S-1-5-21-3072663084-364016917-1341370565-1000","ObjectType":"Computer"}]},"Properties":{"domain":"HTB.LOCAL","name":"DOMAIN CONTROLLERS@HTB.LOCAL","distinguishedname":"OU=DOMAIN CONTROLLERS,DC=HTB,DC=LOCAL","domainsid":"S-1-5-21-3072663084-364016917-1341370565","highvalue":false,"description":"Default container for domain controllers","whencreated":1568803557,"blocksinheritance":false},"Links":[{"IsEnforced":false,"GUID":"3CF0DAF2-552D-4314-AA17-5DFD380449CD"}],"ChildObjects":[{"ObjectIdentifier":"S-1-5-21-3072663084-364016917-1341370565-1000","ObjectType":"Computer"}],"Aces":[{"PrincipalSID":"S-1-5-21-3072663084-364016917-1341370565-512","PrincipalType":"Group","RightName":"Owns","IsInherited":false},{"PrincipalSID":"S-1-5-21-3072663084-364016917-1341370565-512","PrincipalType":"Group","RightName":"WriteDacl","IsInherited":false},{"PrincipalSID":"S-1-5-21-3072663084-364016917-1341370565-512","PrincipalType":"Group","RightName":"WriteOwner","IsInherited":false},{"PrincipalSID":"S-1-5-21-3072663084-364016917-1341370565-519","PrincipalType":"Group","RightName":"GenericAll","IsInherited":true},{"PrincipalSID":"HTB.LOCAL-S-1-5-32-544","PrincipalType":"Group","RightName":"WriteDacl","IsInherited":true},{"PrincipalSID":"HTB.LOCAL-S-1-5-32-544","PrincipalType":"Group","RightName":"WriteOwner","IsInherited":true}],"ObjectIdentifier":"92131800-3766-4BB2-BA74-30DEC65B543F","IsDeleted":false,"IsACLProtected":false}],"meta":{"methods":29695,"type":"ous","count":15,"version":5}}